slice_index,scan,angle_deg
0,515,-90.0
1,511,-88.0
2,509,-87.0
3,505,-85.0
4,503,-84.0
5,501,-83.0
6,499,-82.0
7,497,-81.0
8,495,-80.0
9,493,-79.0
10,491,-78.0
11,489,-77.0
12,485,-75.0
13,483,-74.0
14,481,-73.0
15,479,-72.0
16,477,-71.0
17,531,-70.0
18,473,-69.0
19,471,-68.0
20,467,-66.0
21,465,-65.0
22,463,-64.0
23,461,-63.0
24,459,-62.0
25,457,-61.0
26,455,-60.0
27,453,-59.0
28,552,-58.0
29,449,-57.0
30,447,-56.0
31,443,-54.0
32,548,-53.0
33,439,-52.0
34,437,-51.0
35,435,-50.0
36,433,-49.0
37,431,-48.0
38,429,-47.0
39,427,-46.0
40,425,-45.0
41,423,-44.0
42,421,-43.0
43,419,-42.0
44,417,-41.0
45,415,-40.0
46,413,-39.0
47,411,-38.0
48,407,-36.0
49,405,-35.0
50,403,-34.0
51,401,-33.0
52,399,-32.0
53,395,-30.0
54,393,-29.0
55,391,-28.0
56,389,-27.0
57,387,-26.0
58,385,-25.0
59,383,-24.0
60,381,-23.0
61,558,-22.0
62,377,-21.0
63,375,-20.0
64,371,-18.0
65,369,-17.0
66,365,-15.0
67,363,-14.0
68,361,-13.0
69,359,-12.0
70,357,-11.0
71,355,-10.0
72,353,-9.0
73,351,-8.0
74,349,-7.0
75,347,-6.0
76,345,-5.0
77,343,-4.0
78,341,-3.0
79,339,-2.0
80,337,-1.0
81,335,0.0
82,28,1.0
83,32,2.0
84,36,3.0
85,46,4.0
86,50,5.0
87,54,6.0
88,58,7.0
89,66,9.0
90,70,10.0
91,74,11.0
92,78,12.0
93,82,13.0
94,90,15.0
95,94,16.0
96,98,17.0
97,102,18.0
98,106,19.0
99,110,20.0
100,114,21.0
101,118,22.0
102,122,23.0
103,126,24.0
104,130,25.0
105,134,26.0
106,138,27.0
107,142,28.0
108,146,29.0
109,150,30.0
110,158,32.0
111,162,33.0
112,166,34.0
113,170,35.0
114,178,37.0
115,182,38.0
116,186,39.0
117,190,40.0
118,198,42.0
119,202,43.0
120,206,44.0
121,210,45.0
122,214,46.0
123,218,47.0
124,222,48.0
125,226,49.0
126,230,50.0
127,234,51.0
128,238,52.0
129,242,53.0
130,246,54.0
131,250,55.0
132,254,56.0
133,258,57.0
134,262,58.0
135,266,59.0
136,270,60.0
137,272,61.0
138,274,62.0
139,556,63.0
140,278,64.0
141,280,65.0
142,282,66.0
143,284,67.0
144,286,68.0
145,288,69.0
146,292,71.0
147,296,72.0
148,298,73.0
149,300,74.0
150,302,75.0
151,304,76.0
152,306,77.0
153,308,78.0
154,310,79.0
155,312,80.0
156,314,81.0
157,316,82.0
158,318,83.0
159,320,84.0
160,322,85.0
161,324,86.0
162,326,87.0
163,329,88.0
164,331,89.0
165,333,90.0
